Workbook

Sheet Scope and scales
A1: NimbusDesk Ltd. — Scope and scales
A3: Company | B3: NimbusDesk Ltd. | D3: Risk appetite
A4: In-scope | B4: AWS, Microsoft 365, support chat vendor, email vendor | D4: 15+ | E4: Must treat (Sara decides)
A5: Prepared by | D5: 8 to 14 | E5: Treatment plan or signed acceptance
A6: Date | D6: 7 or below | E6: Owner can accept
A9: Likelihood | D9: Impact | G9: Bands
A10: 1 | B10: Rare | D10: 1 | E10: under $5K | G10: 1-7 | H10: Green
A11: 2 | B11: Unlikely | D11: 2 | E11: up to $25K | G11: 8-14 | H11: Yellow
A12: 3 | B12: Possible | D12: 3 | E12: up to $100K | G12: 15-25 | H12: Red
A13: 4 | B13: Likely | D13: 4 | E13: up to $500K
A14: 5 | B14: Almost certain | D14: 5 | E14: over $500K

Sheet Risk register
A1: ID | B1: Risk statement (threat + weakness + asset + effect) | C1: Asset | D1: Owner | E1: Inherent L | F1: Inherent I | G1: Inherent Score | H1: Existing control | I1: Residual L | J1: Residual I | K1: Residual Score | L1: Band | M1: Reason for scores
A2: R1 | B2: Ex-staff accounts removed late | C2: Our whole steup (Whole DB, code, Infra) | D2: Nida | E2: 3 | F2: 5 | G2: 9 | H2: None | I2: 3 | J2: 3 | K2: 9 | L2: =IF(K2="","",IF(K2>=15,"Red",IF(K2>=8,"Yellow","Green"))) -> Yellow
A3: R2 | G3: =IF(OR(E3="",F3=""),"",E3*F3) | K3: =IF(OR(I3="",J3=""),"",I3*J3) | L3: =IF(K3="","",IF(K3>=15,"Red",IF(K3>=8,"Yellow","Green")))
A4: R3 | G4: =IF(OR(E4="",F4=""),"",E4*F4) | K4: =IF(OR(I4="",J4=""),"",I4*J4) | L4: =IF(K4="","",IF(K4>=15,"Red",IF(K4>=8,"Yellow","Green")))
A5: R4 | G5: =IF(OR(E5="",F5=""),"",E5*F5) | K5: =IF(OR(I5="",J5=""),"",I5*J5) | L5: =IF(K5="","",IF(K5>=15,"Red",IF(K5>=8,"Yellow","Green")))
A6: R5 | G6: =IF(OR(E6="",F6=""),"",E6*F6) | K6: =IF(OR(I6="",J6=""),"",I6*J6) | L6: =IF(K6="","",IF(K6>=15,"Red",IF(K6>=8,"Yellow","Green")))
A7: R6 | G7: =IF(OR(E7="",F7=""),"",E7*F7) | K7: =IF(OR(I7="",J7=""),"",I7*J7) | L7: =IF(K7="","",IF(K7>=15,"Red",IF(K7>=8,"Yellow","Green")))
A8: R7 | G8: =IF(OR(E8="",F8=""),"",E8*F8) | K8: =IF(OR(I8="",J8=""),"",I8*J8) | L8: =IF(K8="","",IF(K8>=15,"Red",IF(K8>=8,"Yellow","Green")))
A9: R8 | G9: =IF(OR(E9="",F9=""),"",E9*F9) | K9: =IF(OR(I9="",J9=""),"",I9*J9) | L9: =IF(K9="","",IF(K9>=15,"Red",IF(K9>=8,"Yellow","Green")))
A10: R9 | G10: =IF(OR(E10="",F10=""),"",E10*F10) | K10: =IF(OR(I10="",J10=""),"",I10*J10) | L10: =IF(K10="","",IF(K10>=15,"Red",IF(K10>=8,"Yellow","Green")))
A11: R10 | G11: =IF(OR(E11="",F11=""),"",E11*F11) | K11: =IF(OR(I11="",J11=""),"",I11*J11) | L11: =IF(K11="","",IF(K11>=15,"Red",IF(K11>=8,"Yellow","Green")))
A12: R11 | G12: =IF(OR(E12="",F12=""),"",E12*F12) | K12: =IF(OR(I12="",J12=""),"",I12*J12) | L12: =IF(K12="","",IF(K12>=15,"Red",IF(K12>=8,"Yellow","Green")))
A13: R12 | G13: =IF(OR(E13="",F13=""),"",E13*F13) | K13: =IF(OR(I13="",J13=""),"",I13*J13) | L13: =IF(K13="","",IF(K13>=15,"Red",IF(K13>=8,"Yellow","Green")))

Sheet Heat map
A1: Inherent heat map | I1: Residual heat map
A3: Impact ↑ / Likelihood → | B3: 1 | C3: 2 | D3: 3 | E3: 4 | F3: 5 | I3: Impact ↑ / Likelihood → | J3: 1 | K3: 2 | L3: 3 | M3: 4 | N3: 5
A4: 1 | B4: 1 Risk IDs: | C4: 2 Risk IDs: | D4: 3 Risk IDs: | E4: 4 Risk IDs: | F4: 5 Risk IDs: | I4: 1 | J4: 1 Risk IDs: | K4: 2 Risk IDs: | L4: 3 Risk IDs: | M4: 4 Risk IDs: | N4: 5 Risk IDs:
A5: 2 | B5: 2 Risk IDs: | C5: 4 Risk IDs: | D5: 6 Risk IDs: | E5: 8 Risk IDs: | F5: 10 Risk IDs: | I5: 2 | J5: 2 Risk IDs: | K5: 4 Risk IDs: | L5: 6 Risk IDs: | M5: 8 Risk IDs: | N5: 10 Risk IDs:
A6: 3 | B6: 3 Risk IDs: | C6: 6 Risk IDs: | D6: 9 Risk IDs: | E6: 12 Risk IDs: | F6: 15 Risk IDs: | I6: 3 | J6: 3 Risk IDs: | K6: 6 Risk IDs: | L6: 9 Risk IDs: | M6: 12 Risk IDs: | N6: 15 Risk IDs:
A7: 4 | B7: 4 Risk IDs: | C7: 8 Risk IDs: | D7: 12 Risk IDs: | E7: 16 Risk IDs: | F7: 20 Risk IDs: | I7: 4 | J7: 4 Risk IDs: | K7: 8 Risk IDs: | L7: 12 Risk IDs: | M7: 16 Risk IDs: | N7: 20 Risk IDs:
A8: 5 | B8: 5 Risk IDs: | C8: 10 Risk IDs: | D8: 15 Risk IDs: | E8: 20 Risk IDs: | F8: 25 Risk IDs: | I8: 5 | J8: 5 Risk IDs: | K8: 10 Risk IDs: | L8: 15 Risk IDs: | M8: 20 Risk IDs: | N8: 25 Risk IDs:

Sheet ALE
A1: Risk | B1: Asset value | C1: Exposure factor | D1: SLE | E1: ARO now | F1: ALE now | G1: Control | H1: Control cost/yr | I1: ARO after | J1: ALE after | K1: ALE reduction | L1: Net benefit | M1: Buy? (Yes if net benefit > 0)
A2: A: S3 leak | B2: 400000 | C2: 0.6 | D2: 240000 | E2: 0.3 | F2: =D2*E2 -> 72000 | G2: S3 access review tool | H2: 6000 | I2: 0.1 | J2: 24000 | K2: 72000-24000
A3: B: Ex-employee misuse | B3: 200000 | C3: 0.4 | F3: =D3*E3 -> 0 | G3: Offboarding automation | H3: 10000 | I3: 0.2
A4: C: Failed restore | B4: 300000 | C4: 0.5 | F4: =D4*E4 -> 0 | G4: Restore test program | H4: 4000 | I4: 0.05

Sheet Mini SoA
A1: Risk ID | B1: Control reference | C1: Applicable? (Y/N) | D1: Reason | E1: Control owner | F1: Evidence an auditor can see | H1: Allowed controls
A2: R1 | B2: ISO 27002 Access control | C2: Y | D2: Late removal of ex-staff accounts | E2: Bilal | F2: Offboarding checklist signed by HR and IT | H2: CLD.6.3.1
A3: R2 | H3: CLD.8.1.5
A4: R3 | H4: CLD.9.5.1
A5: R4 | H5: CLD.12.1.5
A6: R5 | H6: CLD.12.4.5
A7: R6 | H7: ISO 27002: access control
A8: R7 | H8: privileged access rights
A9: R8 | H9: supplier relationships
A10: R9 | H10: information security in supplier agreements
A11: R10 | H11: information backup
A12: R11 | H12: logging and monitoring
A13: R12 | H13: change management
H14: test information protection
H15: user endpoint devices (BYOD)
H16: information deletion

Sheet Treatment plan
A1: Paper decisions only. No technical fixes.
A3: Rank | B3: Risk ID | C3: Residual score | D3: Option (dropdown: Mitigate/Transfer/Avoid/Accept) | E3: Action | F3: Owner | G3: Budget | H3: Due date | I3: Target residual score

Sheet Risk acceptance form
A1: Risk Acceptance Form
A3: Risk ID
A4: Risk statement
A5: Residual score and band (must be Yellow)
A6: Rationale
A7: Why not treat now
A8: Compensating measures
A9: Risk owner | D9: Signature | G9: Date
A10: Approver (Sara) | D10: Signature | G10: Date
A11: Expiry date | D11: Review date
A12: Triggers for early review
A14: Acceptance rule | B14: Residual score must be Yellow (8–14) for this form.

Sheet Exec summary
A1: NimbusDesk Ltd. — Executive Summary
A3: To | B3: Sara
A4: From | B4: GRC lead
A5: Date
A7: 1. Overall picture
A8: Total | B8: =COUNTA('Risk register'!A2:A13) -> 12 | D8: Red | E8: =COUNTIF('Risk register'!L2:L13,"Red") -> 0 | G8: Yellow | H8: =COUNTIF('Risk register'!L2:L13,"Yellow") -> 1
A9: Green | B9: =COUNTIF('Risk register'!L2:L13,"Green") -> 0
A11: 2. Top 3 risks
A12: Risk | B12: Score | C12: Why it matters | D12: Owner
A13: =IF(B13="","",INDEX('Risk register'!$A$2:$A$13,MATCH(B13,'Risk register'!$K$2:$K$13,0))) -> R1 | B13: =IFERROR(LARGE('Risk register'!$K$2:$K$13,1),"") -> 9 | C13: =IF(A13="","",INDEX('Risk register'!$B$2:$B$13,MATCH(B13,'Risk register'!$K$2:$K$13,0))) -> Ex-staff accounts removed late | D13: =IF(A13="","",INDEX('Risk register'!$D$2:$D$13,MATCH(B13,'Risk register'!$K$2:$K$13,0))) -> Nida
A14: =IF(B14="","",INDEX('Risk register'!$A$2:$A$13,MATCH(B14,'Risk register'!$K$2:$K$13,0))) | B14: =IFERROR(LARGE('Risk register'!$K$2:$K$13,2),"") | C14: =IF(A14="","",INDEX('Risk register'!$B$2:$B$13,MATCH(B14,'Risk register'!$K$2:$K$13,0))) | D14: =IF(A14="","",INDEX('Risk register'!$D$2:$D$13,MATCH(B14,'Risk register'!$K$2:$K$13,0)))
A15: =IF(B15="","",INDEX('Risk register'!$A$2:$A$13,MATCH(B15,'Risk register'!$K$2:$K$13,0))) | B15: =IFERROR(LARGE('Risk register'!$K$2:$K$13,3),"") | C15: =IF(A15="","",INDEX('Risk register'!$B$2:$B$13,MATCH(B15,'Risk register'!$K$2:$K$13,0))) | D15: =IF(A15="","",INDEX('Risk register'!$D$2:$D$13,MATCH(B15,'Risk register'!$K$2:$K$13,0)))
A17: 3. Recommendations | E17: 4. ALE result
A18: Action | B18: Cost per year | C18: Risk from __ to __ | E18: Total ALE now | F18: =SUM(ALE!F2:F4) -> 72000
E19: Total ALE after | F19: =SUM(ALE!J2:J4) -> 24000
E20: Total control cost | F20: =SUM(ALE!H2:H4) -> 20000
E21: Net benefit | F21: =SUM(ALE!L2:L4) -> 0
A23: 6. Next 90 days | E23: 5. Decisions needed from Sara
